default_year,loan_count,total_ead_base,ead_weighted_lgd_final,mean_sale_timing_months
2018,15.0,102206267.94482355,0.7882880036375502,8.856555167325036
2019,10.0,79740281.63086924,0.7503450334047357,7.778931260148606
2020,14.0,83040341.90413278,0.7694766472310113,9.611989149399452
2021,9.0,78538886.65527402,0.7276349461565494,9.091286157107193
2022,8.0,68150659.27088514,0.7169777065821619,9.520481625979201
2023,7.0,42951603.248456284,0.7683359941926712,9.032797509923236
