scenario,ead_weighted_lgd_base,ead_weighted_lgd_downturn,ead_weighted_lgd_final
base,0.6628279236856237,0.7126283551327407,0.7405168970670284
remarketing_discount_+10pp,0.6980969534207537,0.7609719769797274,0.7868849430546467
liquidity_-10pp,0.6724405141268217,0.7229102550608268,0.7507310218522812
combined_stress,0.706374051060598,0.7695637530443722,0.7953944416755232
