dimension,bucket,loan_count,total_ead_base,ead_weighted_lgd_base,ead_weighted_lgd_downturn,ead_weighted_lgd_final
asset_type,Specialised Machinery,15,131743713.2677592,0.7722111193990492,0.865578735949465,0.8908881846086416
asset_type,Standard Equipment,20,130445496.21102382,0.6132812028296981,0.6561449362194387,0.6844169007260753
asset_type,Vehicles,28,192438831.17565802,0.6215295966476352,0.6817312243565704,0.7101565063326075
liquidity_band,Very Low,4,18249970.75802294,0.8186800031040461,0.9224106249138265,0.9466955919208658
liquidity_band,Low,11,113493742.50973627,0.7647388504437681,0.856440079590205,0.8819142664964442
liquidity_band,Medium,43,277932348.6238195,0.6230481093955802,0.676142683354496,0.7048632581109525
liquidity_band,High,5,44951978.76286228,0.5882049315226863,0.6420359812267302,0.6681905958778458
