asset_type,loan_count,total_drawn,total_ead_base,total_ead_downturn,ead_weighted_uplift_pct
Vehicles,28.0,181254123.42,192438831.17565802,205738038.8842366,0.0691087532975043
Specialised Machinery,15.0,123726804.21000002,131743713.2677592,140637735.11867946,0.06751002860260848
Standard Equipment,20.0,122768534.85000002,130445496.21102382,139371899.145091,0.06843013513955885
