cell_number,elapsed_sec,status
1,1.265245,ok
2,0.019808,ok
3,0.011224,ok
4,0.16162,ok
5,0.02246,ok
6,0.014221,ok
