purpose,final_exit_type,loan_count,total_ead,ead_weighted_lgd_base,ead_weighted_lgd_downturn,ead_weighted_lgd_final,mean_exit_certainty,mean_valuation_risk,mean_exit_time_base
construction_refi_bridge,sale,51,1299690433.0478365,0.643923152653836,0.7782756161027199,0.8204804623049458,0.5742758022552165,0.4258207870961802,13.62123396538032
acquisition_bridge,sale,67,1612478687.902674,0.6072442420012096,0.7426221138012732,0.788093648570856,0.6248531598100525,0.38271426291862365,14.938289647889086
residual_stock_exit_bridge,sale,29,732862665.0286876,0.6057268603028328,0.7406687439784956,0.7789153779390358,0.5682285588298812,0.42300053287150635,13.637897501043586
construction_refi_bridge,refinance,21,415095145.1540088,0.45224110772675086,0.5779433480370847,0.5970467658187476,0.6414424051707849,0.4149962795343808,8.523267149257862
acquisition_bridge,refinance,44,1056576351.601575,0.41158955613294496,0.5238371685387604,0.5416528399287966,0.6744377616852785,0.40666318428520415,6.9498783077709305
residual_stock_exit_bridge,refinance,18,460309371.7190928,0.40115242393079054,0.5173261729152956,0.5345760683667202,0.6559588003638473,0.3647340633402513,7.288301812205249
