exit_delay_bucket,loan_count,total_ead,ead_weighted_lgd_base
<=6m,37,882906108.9179286,0.4262468995640038
6-9m,54,1401646932.8634498,0.457263767244319
9-12m,41,955752825.5556308,0.5205485153037324
12-18m,58,1417773902.6035953,0.6548177787099397
18m+,40,918932884.5132701,0.6791347344720088
