scenario,ead_weighted_lgd_base,ead_weighted_lgd_downturn,ead_weighted_lgd_final,mean_exit_time_months,mean_recovery_time_months
base,0.5499784653398792,0.5499784653398792,0.5820566873008304,11.769652410735912,11.769652410735912
delay_stress,0.5953880521020728,0.5953880521020728,0.6291693095600299,15.300548133956687,15.300548133956687
failed_exit_stress,0.6344427202676266,0.6344427202676266,0.6688257352333595,17.06599599556707,17.06599599556707
combined_downturn,0.6783728021000202,0.6783728021000202,0.7126022900128384,18.82087552539592,18.82087552539592
