framework_segment,loan_count,total_ead,ead_weighted_realised_lgd,ead_weighted_estimated_lgd,estimated_minus_realised_pp
Asset / Equipment Finance,63.0,497671717.12,0.7168458514276298,0.7533718180688607,3.6525966641230867
Overdraft / Revolver,111.0,719811197.86,0.5007556368816476,0.7229615398400011,22.22059029583535
Receivables / Invoice Finance,55.0,361918634.94,0.7071497711773893,0.9578685476084989,25.071877643110962
SME / Middle-Market Term Lending,155.0,1255813242.87,0.5640860029558058,0.7487409700901149,18.465496713430905
Trade / Contingent Facilities (Proxy),36.0,235111697.6,0.887398141072606,0.8893413400298119,0.19431989572059605
