framework_segment,loan_count,total_ead,ead_share,mean_drawn_pct_limit,mean_security_coverage
SME / Middle-Market Term Lending,155.0,1255813242.87,0.40901618990704913,0.9046192377666027,0.7917019354838709
Overdraft / Revolver,111.0,719811197.86,0.23444125571432892,0.7262185752705923,0.8789135135135133
Asset / Equipment Finance,63.0,497671717.12,0.16209081303818754,0.809165468328524,0.7561460317460317
Receivables / Invoice Finance,55.0,361918634.94,0.11787627018585514,0.8249649520606579,0.7284781818181819
Trade / Contingent Facilities (Proxy),36.0,235111697.6,0.07657547115457926,0.703037401018682,0.40705555555555556
