security_type,loan_count,total_ead,ead_weighted_lgd_final,ead_share
PPSR - Mixed,106.0,870208763.6800001,0.8976619465404324,0.2834254814280237
Property,123.0,828337463.5800002,0.4867574793964191,0.26978807178085573
GSR Only,73.0,512189911.06999993,0.9477274558967427,0.16681936356707797
PPSR - P&E,63.0,497671717.12,0.7533718180688607,0.16209081303818754
PPSR - Receivables,55.0,361918634.94,0.9578685476084989,0.11787627018585514
