origination_year,default_year,loan_count,total_ead,ead_weighted_actual_lgd,ead_weighted_predicted_lgd,weighted_lgd_gap_pred_minus_actual
2015,2018,76.0,579843591.59,0.6163729582754671,0.7885530216835384,0.17218006340807124
2016,2019,57.0,418068872.8,0.5853674652292895,0.7349964352323103,0.14962897000302078
2017,2020,73.0,516943919.76000005,0.650811033248599,0.7950700775989508,0.14425904435035175
2018,2021,67.0,520511714.98,0.6396838210953607,0.8047723995654986,0.16508857847013791
2019,2022,61.0,463180241.49999994,0.5803154779674802,0.748085573710607,0.16777009574312685
2020,2023,64.0,435293829.90999997,0.620495554657776,0.7931348837933678,0.17263932913559188
2021,2024,22.0,136484319.85000002,0.5843187802229839,0.7708554650256451,0.18653668480266117
