framework_segment,loan_count,total_ead,ead_weighted_lgd_base,ead_weighted_lgd_downturn,ead_weighted_lgd_final,downturn_sensitivity_pp,final_minus_base_pp
Receivables / Invoice Finance,55.0,361918634.94,0.8582108179939331,0.9431934786620184,0.9578685476084989,8.498266066808535,9.965772961456587
Trade / Contingent Facilities (Proxy),36.0,235111697.6,0.7784792054144067,0.8726727211205672,0.8893413400298119,9.41935157061604,11.086213461540517
Asset / Equipment Finance,63.0,497671717.12,0.6615084690820155,0.7258180819229436,0.7533718180688607,6.430961284092806,9.186334898684512
SME / Middle-Market Term Lending,155.0,1255813242.87,0.6541735909419315,0.6996551853467642,0.7487409700901149,4.548159440483268,9.456737914818337
Overdraft / Revolver,111.0,719811197.86,0.5877815868643217,0.6244981485814272,0.7229615398400011,3.6716561717105467,13.517995297567943
