facility_type,loan_count,total_ead,ead_weighted_lgd_final,ead_share
Term Loan,217.0,1742097073.43,0.7740491341574715,0.5673979880910694
Revolving Credit,131.0,822975347.48,0.7869413626660712,0.26804163988939944
Overdraft,72.0,505254069.48,0.7823181734326949,0.16456037201953122
