segment,loan_count,total_ead,ead_weighted_lgd_base,ead_weighted_lgd_downturn,ead_weighted_lgd_final,mean_lvr,mean_dscr,mean_wale_years,mean_vacancy_rate,mean_tenant_concentration,mean_time_to_recovery_months_base
mixed-use,31,2392046282.987474,0.4101958117833229,0.48748756637072416,0.5212310586838301,0.6857351027920685,1.332977802832717,3.3359050127450076,0.11869890016509063,0.4498828622861456,20.988891373380028
retail,75,3479256706.7719245,0.34963759241590453,0.40686276395382076,0.43591164022185125,0.6498102561904434,1.4860309171155717,4.187440894271799,0.09364288583034851,0.3912465706149559,18.734054231167683
office,93,5895847121.834772,0.3083928526091575,0.3530409736777125,0.3790665526100441,0.6431054746664376,1.6018471242559995,4.642836382584011,0.08870323171923106,0.32640839718506126,17.184416294254383
industrial,81,4434678480.845531,0.2853807819489513,0.3240924386480584,0.3490574785522168,0.6256661880754635,1.6427400371479077,5.460697256521493,0.05997212940736723,0.2856190767668608,16.418265874210313
