resolution_path,loan_count,total_ead,ead_weighted_lgd_base,ead_weighted_lgd_downturn,ead_weighted_lgd_final,mean_cap_rate_expansion,mean_vacancy_rate,mean_time_to_recovery_months_base
forced_sale,146.0,8490543474.940313,0.4056332673509975,0.4866651308453692,0.5240106811262513,0.018401449754628,0.089921155463367,22.797665273254015
refinance,134.0,7711285117.49939,0.2382804566175954,0.2552548261689416,0.2719647821104219,0.016784436913634463,0.0797129602733403,12.352841949208688
