completion_stage,lgd_long_run,count,total_ead
Complete Unsold,0.0,21,605441308.95
Early Construction,0.5545987684504758,47,791225940.79
Mid-Construction,0.2125065023169703,77,1528920727.11
Near-Complete,0.031549068568746085,50,1177028665.23
Pre-Construction,0.14757158632345532,5,52024032.37
