scenario,ead_weighted_lgd_base,ead_weighted_lgd_downturn,ead_weighted_lgd_final,mean_time_to_sell_months,mean_recovery_time_months
base,0.4163452198133301,0.4163452198133301,0.4498741384461904,30.657399070448545,30.657399070448545
mild_downturn,0.5752195450121937,0.5752195450121937,0.6105886058314395,36.78887888453825,36.78887888453825
severe_downturn,0.7799082232460676,0.7799082232460676,0.8119851808450687,44.16564445444304,44.16564445444304
