source_product,product_type,loan_count,total_ead,average_lgd_base,average_lgd_final,ead_weighted_lgd_final
Cashflow Lending,cashflow_lending,400.0,1580458102.22,0.5604999999999999,0.6556117205,0.6579216085158058
Commercial,overdraft,54.0,415535241.88,0.75,0.8818333333333337,0.88313917493546
Commercial,sme_cashflow,246.0,1875449486.1799998,0.5353658536585365,0.652219512195122,0.6518129534490774
Development,development,200.0,4154640674.45,0.4,0.49087500000000006,0.49039457385083185
Mortgage,property,500.0,444486089.71,0.2,0.24219800000000002,0.24416265949374746
