source_product,product_type,loan_count,total_ead,ead_weighted_lgd_base,ead_weighted_lgd_final
Cashflow Lending,cashflow_lending,400.0,1580458102.22,0.5624584916875317,0.640136871692928
Commercial,overdraft,54.0,415535241.88,0.7499999999999999,0.9144459772040311
Commercial,sme_cashflow,246.0,1875449486.1799998,0.5349358093138809,0.6791582934988789
Development,development,200.0,4154640674.45,0.4000000000000001,0.5704889956855952
Mortgage,property,500.0,444486089.71,0.2,0.2539752059857186
