measure,ead_weighted_lgd_senior,ead_weighted_lgd_mezz,ead_weighted_lgd_final,ead_weighted_ranking_gap
base,0.1292158018894463,0.3613050054759355,0.3875978900829215,0.23302563137301477
downturn,0.2687785169194513,0.8647550606761963,0.8741656858068286,0.6055603913349502
