default_year,loan_count,total_ead_base,ead_weighted_lgd_final,mean_time_to_collect_days
2018,19.0,127597562.37933606,0.9337520882077929,73.31464240518976
2019,15.0,92497843.93294601,0.9271442637957805,72.07293258618354
2020,14.0,67733882.76705079,0.9413024787414314,77.30498484532116
2021,20.0,154551332.1828978,0.9734045181452619,81.62547410774391
2022,21.0,131568495.5524134,0.9415257266591228,83.82054635955167
2023,17.0,106635283.35651305,0.9857083910799622,87.09703838920565
2024,4.0,21881594.07274316,0.8736570752045723,71.60045798790236
