ead_weighted_lgd_base,ead_weighted_lgd_downturn,ead_weighted_lgd_final,downturn_sensitivity_pp,final_minus_base_pp
0.8599883778079271,0.9358547982660144,0.9498051214281733,7.5866420458087225,8.981674362024616
