segment,case_count,total_ead,ead_weighted_lgd_base,ead_weighted_lgd_downturn,ead_weighted_lgd_final,mean_unsold_units,mean_absorption_speed,mean_discount_to_clear,mean_holding_cost_rate_pa,mean_time_to_sale_months
metro_apartment,81,3351943071.7043815,0.03726392503677671,0.22999266401738616,0.2504602154781961,66.29629629629629,6.068659648919909,0.12143122080535051,0.06159982053253554,12.14385098662111
mixed_stock,35,867641293.0328755,0.03296311317262187,0.22092467661742804,0.24097077607313713,44.91428571428571,4.552471585976399,0.12531683254840523,0.06316061855866602,11.173921113527866
suburban_apartment,64,1395067133.9833922,0.017614175829964097,0.18926928769101606,0.2091998156925106,52.046875,4.804750498399079,0.10079714802242765,0.056397907368738245,11.737475652728879
townhouse,60,1020992688.72663,0.021965830959769003,0.1639574237404974,0.181971874360395,33.833333333333336,3.908553600807445,0.10897675535699228,0.05258795066477078,9.63555471185123
