scenario,ead_weighted_lgd_base,ead_weighted_lgd_downturn,ead_weighted_lgd_final,mean_time_to_sale_months,mean_recovery_time_months
base,0.030216602703115863,0.030216602703115863,0.04490308561560591,11.266962055731282,11.266962055731282
mild_stress,0.08981432432086393,0.08981432432086393,0.10668978089140661,13.724652269390722,13.724652269390722
severe_stress,0.21008486034377022,0.21008486034377022,0.23000695595101678,17.1179792780214,17.1179792780214
