scenario,ead_weighted_lgd_base,ead_weighted_lgd_downturn,ead_weighted_lgd_final
base,0.785558752115514,0.8885244026347177,0.905040559886912
claim_prob_+10pp,0.7852920546330682,0.8925874498467209,0.908925176178217
cash_sec_-10pp,0.8113488981617936,0.9162704193935486,0.9297655723651551
combined_stress,0.8110972550216048,0.9198881256771585,0.9327877691546708
