dimension,bucket,loan_count,total_ead_base,ead_weighted_lgd_base,ead_weighted_lgd_downturn,ead_weighted_lgd_final
product_type,Bank Guarantee,11,47987812.70538545,0.7438472445852615,0.8287144628966642,0.8531143115870429
product_type,Performance Bond,11,47733381.14571876,0.8132856153576958,0.9141639609979774,0.922363337950904
product_type,Standby LC,10,38109080.46297214,0.8084089365242978,0.9153936234007003,0.933792353037464
product_type,Trade Contingent Facility,4,8978168.08634037,0.7757530261916096,0.8529327155303191,0.8646416778806498
security_level,Partially Secured,13,50752346.206068836,0.735361969253697,0.8184474833641776,0.8423353124426869
security_level,Unsecured / Weakly Secured,23,92056096.19434786,0.8143696575595426,0.9169276909394144,0.9294874206127439
