ead_weighted_lgd_base,ead_weighted_lgd_downturn,ead_weighted_lgd_final,downturn_sensitivity_pp,final_minus_base_pp
0.7862913067110933,0.8819290486652418,0.8985146441291691,9.563774195414855,11.222333741807589
