default_year,loan_count,total_ead_base,ead_weighted_lgd_final,mean_recovery_months
2018,4.0,19396244.83751966,0.9590107962178316,20.323859419405178
2019,1.0,7391017.000549352,0.7382598484231152,10.83510367434056
2020,9.0,33916058.431129865,0.9000165024237576,20.345835144349387
2021,6.0,23280057.961303532,0.8776559985583104,18.99756790390028
2022,7.0,34973532.52857807,0.9210261837150545,21.597894951035794
2023,5.0,9872253.884954426,0.771624802385139,14.15909751409112
2024,4.0,13979277.7563818,0.9636883815048608,19.03195311433824
